tag,display
fiction,Fiction
nonfiction,Nonfiction
science-fiction,Science fiction
historical-fiction,Historical fiction
philosophy,Philosophy
literature,Literature
parables,Parables
memoirs,Memoirs
biographies,Biographies
essays,Essays
fantasy,Fantasy
short-stories,Short stories
self-help,Self-help
history,History
learning,Learning
psychology,Psychology
westerns,Westerns
science,Science
young-adult,Young adult
translation,Translation
poetry,Poetry
religion,Religion
mythology,Mythology
greece,Greece
economics,Economics
statistics,Statistics
pedagogy,Pedagogy
business,Business
personal-finance,Personal finance
computer-science,Computer science
programming,Programming
textbooks,Textbooks
reference,Reference
exercise,Exercise
writing,Writing
anthropology,Anthropology